,Movie,Genre,Year,Length (Minutes),Rating,Metascore,votes,Gross(Millions)
0,Avatar: The Way of Water,"Action, Adventure, Fantasy",2022,192,8.0,68.0,86599,
1,Guillermo del Toro's Pinocchio,"Animation, Drama, Family",2022,117,7.8,79.0,36981,
2,Avatar,"Action, Adventure, Fantasy",2009,162,7.8,83.0,1267933,760.51
3,The Banshees of Inisherin,"Comedy, Drama",2022,114,8.0,87.0,34767,
4,Prisoners,"Crime, Drama, Mystery",2013,153,8.1,70.0,714151,
5,A Christmas Story,"Comedy, Family",1983,93,7.9,77.0,155155,20.61
6,Home Alone,"Comedy, Family",1990,103,7.7,63.0,577500,285.76
7,Everything Everywhere All at Once,"Action, Adventure, Comedy",2022,139,8.1,81.0,256170,
8,Top Gun: Maverick,"Action, Drama",2022,130,8.4,78.0,451262,
9,The Batman,"Action, Crime, Drama",2022,176,7.8,72.0,637277,
10,Die Hard,"Action, Thriller",1988,132,8.2,72.0,878558,
11,It's a Wonderful Life,"Drama, Family, Fantasy",1946,130,8.6,89.0,458108,
12,Knives Out,"Comedy, Crime, Drama",2019,130,7.9,82.0,634792,165.36
13,All Quiet on the Western Front,"Action, Drama, War",2022,148,7.8,76.0,86283,
14,Kantara,"Action, Adventure, Drama",2022,148,8.5,,82218,
15,The Godfather,"Crime, Drama",1972,175,9.2,100.0,1853071,
16,Pulp Fiction,"Crime, Drama",1994,154,8.9,94.0,2048860,
17,Klaus,"Animation, Adventure, Comedy",2019,96,8.1,65.0,153831,
18,Good Will Hunting,"Drama, Romance",1997,126,8.3,70.0,969026,
19,The Shawshank Redemption,Drama,1994,142,9.3,81.0,2673649,
20,Interstellar,"Adventure, Drama, Sci-Fi",2014,169,8.6,74.0,1823116,
21,Harry Potter and the Sorcerer's Stone,"Adventure, Family, Fantasy",2001,152,7.6,65.0,780364,317.58
22,Miracle on 34th Street,"Comedy, Drama, Family",1947,96,7.9,88.0,49441,2.65
23,Titanic,"Drama, Romance",1997,194,7.9,75.0,1172918,659.33
24,Once Upon a Time in Hollywood,"Comedy, Drama",2019,161,7.6,83.0,736151,142.5
25,The Muppet Christmas Carol,"Comedy, Drama, Family",1992,85,7.7,64.0,61174,27.28
26,RRR,"Action, Drama",2022,187,7.9,83.0,119499,
27,Dune,"Action, Adventure, Drama",2021,155,8.0,74.0,631852,108.33
28,Spider-Man: Into the Spider-Verse,"Animation, Action, Adventure",2018,117,8.4,87.0,528231,
29,Spider-Man: No Way Home,"Action, Adventure, Fantasy",2021,148,8.3,71.0,751382,
30,American Psycho,"Crime, Drama, Horror",2000,102,7.6,64.0,620699,15.07
31,The Nightmare Before Christmas,"Animation, Family, Fantasy",1993,76,7.9,82.0,342769,75.08
32,The Wolf of Wall Street,"Biography, Comedy, Crime",2013,180,8.2,75.0,1406157,
33,The Dark Knight,"Action, Crime, Drama",2008,152,9.0,84.0,2646633,
34,Goodfellas,"Biography, Crime, Drama",1990,145,8.7,91.0,1159280,
35,The Lord of the Rings: The Fellowship of the Ring,"Action, Adventure, Drama",2001,178,8.8,92.0,1871789,
36,Inception,"Action, Adventure, Sci-Fi",2010,148,8.8,74.0,2346180,
37,Avengers: Endgame,"Action, Adventure, Drama",2019,181,8.4,78.0,1126729,
38,Requiem for a Dream,Drama,2000,102,8.3,68.0,842577,
39,Rogue One: A Star Wars Story,"Action, Adventure, Sci-Fi",2016,133,7.8,65.0,639234,532.18
40,Guardians of the Galaxy,"Action, Adventure, Comedy",2014,121,8.0,76.0,1178639,333.18
41,Joker,"Crime, Drama, Thriller",2019,122,8.4,59.0,1278918,
42,Fight Club,Drama,1999,139,8.8,66.0,2119155,
43,Whiplash,"Drama, Music",2014,106,8.5,89.0,858840,
44,Blade Runner 2049,"Action, Drama, Mystery",2017,164,8.0,81.0,573524,92.05
45,Indiana Jones and the Raiders of the Lost Ark,"Action, Adventure",1981,115,8.4,85.0,965810,
46,The Goonies,"Adventure, Comedy, Family",1985,114,7.7,62.0,275769,61.5
47,Beauty and the Beast,"Animation, Family, Fantasy",1991,84,8.0,95.0,456129,218.97
48,The Gentlemen,"Action, Comedy, Crime",2019,113,7.8,51.0,340111,36.47
49,Inglourious Basterds,"Adventure, Drama, War",2009,153,8.3,69.0,1446301,
50,Schindler's List,"Biography, Drama, History",1993,195,9.0,94.0,1353466,
51,Parasite,"Drama, Thriller",2019,132,8.5,96.0,799456,
52,Gone Girl,"Drama, Mystery, Thriller",2014,149,8.1,79.0,982386,
53,Get Out,"Horror, Mystery, Thriller",2017,104,7.7,85.0,611317,176.04
54,The Princess Bride,"Adventure, Family, Fantasy",1987,98,8.0,77.0,428956,30.86
55,Tombstone,"Biography, Drama, History",1993,130,7.8,50.0,150846,56.51
56,Stand by Me,"Adventure, Drama",1986,89,8.1,75.0,405531,
57,Shutter Island,"Mystery, Thriller",2010,138,8.2,63.0,1311934,
58,Little Women,"Drama, Romance",2019,135,7.8,91.0,206535,108.1
59,Casino Royale,"Action, Adventure, Thriller",2006,144,8.0,80.0,659058,167.45
60,Forrest Gump,"Drama, Romance",1994,142,8.8,82.0,2073483,
61,The Green Mile,"Crime, Drama, Fantasy",1999,189,8.6,61.0,1299552,
62,Aliens,"Action, Adventure, Sci-Fi",1986,137,8.4,84.0,718318,
63,Gladiator,"Action, Adventure, Drama",2000,155,8.5,67.0,1498087,
64,Edward Scissorhands,"Drama, Fantasy, Romance",1990,105,7.9,74.0,493658,56.36
65,Willy Wonka & the Chocolate Factory,"Family, Fantasy, Musical",1971,100,7.8,67.0,203714,4.0
66,In Bruges,"Comedy, Crime, Drama",2008,107,7.9,67.0,429057,7.76
67,Edge of Tomorrow,"Action, Adventure, Sci-Fi",2014,113,7.9,71.0,680091,100.21
68,Django Unchained,"Drama, Western",2012,165,8.4,81.0,1550403,
69,Black Swan,"Drama, Thriller",2010,108,8.0,79.0,768680,106.95
70,Lord of War,"Crime, Drama",2005,122,7.6,62.0,320058,24.15
71,Alien,"Horror, Sci-Fi",1979,117,8.5,89.0,882448,
72,The Big Short,"Biography, Comedy, Drama",2015,130,7.8,81.0,433172,70.26
73,Taxi Driver,"Crime, Drama",1976,114,8.2,94.0,832785,
74,American Beauty,Drama,1999,122,8.4,84.0,1154951,
75,Se7en,"Crime, Drama, Mystery",1995,127,8.6,65.0,1648792,
76,The Breakfast Club,"Comedy, Drama",1985,97,7.8,66.0,400935,45.88
77,The Departed,"Crime, Drama, Thriller",2006,151,8.5,85.0,1323696,
78,No Country for Old Men,"Crime, Drama, Thriller",2007,122,8.2,92.0,973072,
79,Pan's Labyrinth,"Drama, Fantasy, War",2006,118,8.2,98.0,670304,
80,Back to the Future,"Adventure, Comedy, Sci-Fi",1985,116,8.5,87.0,1203364,
81,The Silence of the Lambs,"Crime, Drama, Thriller",1991,118,8.6,85.0,1430505,
82,The Godfather Part II,"Crime, Drama",1974,202,9.0,90.0,1268739,
83,Mulholland Drive,"Drama, Mystery, Thriller",2001,147,7.9,85.0,357817,7.22
84,The Grand Budapest Hotel,"Adventure, Comedy, Crime",2014,99,8.1,88.0,809708,
85,Call Me by Your Name,"Drama, Romance",2017,132,7.8,94.0,275138,18.1
86,Logan,"Action, Drama, Sci-Fi",2017,137,8.1,77.0,763374,
87,The Handmaiden,"Drama, Romance, Thriller",2016,145,8.1,84.0,148843,
88,Harry Potter and the Goblet of Fire,"Adventure, Family, Fantasy",2005,157,7.7,81.0,627545,290.01
89,Heat,"Action, Crime, Drama",1995,170,8.3,76.0,655376,
90,Star Wars: Episode IV - A New Hope,"Action, Adventure, Fantasy",1977,121,8.6,90.0,1363262,
91,The Prestige,"Drama, Mystery, Sci-Fi",2006,130,8.5,66.0,1331340,
92,Apocalypse Now,"Drama, Mystery, War",1979,147,8.5,94.0,667925,
93,The Lord of the Rings: The Return of the King,"Action, Adventure, Drama",2003,201,9.0,94.0,1842539,
94,Kill Bill: Vol. 1,"Action, Crime, Drama",2003,111,8.2,69.0,1115375,
95,Ferris Bueller's Day Off,Comedy,1986,103,7.8,61.0,360745,70.14
96,The Hateful Eight,"Crime, Drama, Mystery",2015,168,7.8,68.0,602090,54.12
97,Terminator 2: Judgment Day,"Action, Sci-Fi",1991,137,8.6,75.0,1098190,
98,Kick-Ass,"Action, Comedy, Crime",2010,117,7.6,66.0,565053,48.07
99,Léon: The Professional,"Action, Crime, Drama",1994,110,8.5,64.0,1159710,
100,Indiana Jones and the Last Crusade,"Action, Adventure",1989,127,8.2,65.0,755461,
101,Boogie Nights,Drama,1997,155,7.9,85.0,267560,26.4
102,The Matrix,"Action, Sci-Fi",1999,136,8.7,73.0,1909660,
103,Jurassic Park,"Action, Adventure, Sci-Fi",1993,127,8.2,68.0,988011,
104,Eternal Sunshine of the Spotless Mind,"Drama, Romance, Sci-Fi",2004,108,8.3,89.0,1007613,
105,Harry Potter and the Prisoner of Azkaban,"Adventure, Family, Fantasy",2004,142,7.9,82.0,635316,249.36
106,The Shining,"Drama, Horror",1980,146,8.4,66.0,1021809,
107,Catch Me If You Can,"Biography, Crime, Drama",2002,141,8.1,75.0,981976,
108,Reservoir Dogs,"Crime, Thriller",1992,99,8.3,79.0,1017848,
109,Blade Runner,"Action, Drama, Sci-Fi",1982,117,8.1,84.0,770611,
110,A Clockwork Orange,"Crime, Sci-Fi",1971,136,8.3,77.0,830630,
111,Pride & Prejudice,"Drama, Romance",2005,129,7.8,82.0,298465,38.41
112,About Time,"Comedy, Drama, Fantasy",2013,123,7.8,55.0,352691,15.32
113,Harry Potter and the Deathly Hallows: Part 2,"Adventure, Family, Fantasy",2011,130,8.1,85.0,874912,
114,The Terminator,"Action, Sci-Fi",1984,107,8.1,84.0,865653,
115,"Three Billboards Outside Ebbing, Missouri","Comedy, Crime, Drama",2017,115,8.1,88.0,507838,
116,Iron Man,"Action, Adventure, Sci-Fi",2008,126,7.9,79.0,1058922,318.41
117,12 Angry Men,"Crime, Drama",1957,96,9.0,96.0,789774,
118,Avengers: Infinity War,"Action, Adventure, Sci-Fi",2018,149,8.4,68.0,1077694,
119,Oldboy,"Action, Drama, Mystery",2003,120,8.4,77.0,580069,
120,The Worst Person in the World,"Comedy, Drama, Romance",2021,128,7.8,90.0,68048,
121,Sita Ramam,"Action, Drama, Mystery",2022,163,8.6,,50356,
122,Snatch,"Comedy, Crime",2000,102,8.2,55.0,856694,
123,Zack Snyder's Justice League,"Action, Adventure, Fantasy",2021,242,8.0,54.0,398259,
124,Mad Max: Fury Road,"Action, Adventure, Sci-Fi",2015,120,8.1,90.0,1002192,
125,Pirates of the Caribbean: The Curse of the Black Pearl,"Action, Adventure, Fantasy",2003,143,8.1,63.0,1127076,
126,Wind River,"Crime, Drama, Mystery",2017,107,7.7,73.0,253711,33.8
127,The Dark Knight Rises,"Action, Drama",2012,164,8.4,78.0,1702342,
128,Saving Private Ryan,"Drama, War",1998,169,8.6,91.0,1389487,
129,The Usual Suspects,"Crime, Drama, Mystery",1995,106,8.5,77.0,1084871,
130,La La Land,"Comedy, Drama, Music",2016,128,8.0,94.0,588555,151.1
131,Superbad,Comedy,2007,113,7.6,76.0,582846,121.46
132,1917,"Action, Drama, War",2019,119,8.2,78.0,588398,
133,The Irishman,"Biography, Crime, Drama",2019,209,7.8,94.0,389190,7.0
134,Almost Famous,"Adventure, Comedy, Drama",2000,122,7.9,90.0,278012,32.53
135,The Wizard of Oz,"Adventure, Family, Fantasy",1939,102,8.1,92.0,401458,
136,The Notebook,"Drama, Romance",2004,123,7.8,53.0,574752,81.0
137,Singin' in the Rain,"Comedy, Musical, Romance",1952,103,8.3,99.0,243617,
138,Once Upon a Time in the West,Western,1968,165,8.5,80.0,330456,
139,2001: A Space Odyssey,"Adventure, Sci-Fi",1968,149,8.3,84.0,669712,
140,Dunkirk,"Action, Drama, History",2017,106,7.8,94.0,659460,188.37
141,Drive,"Action, Drama",2011,100,7.8,78.0,642102,35.06
142,Scarface,"Crime, Drama",1983,170,8.3,65.0,841276,
143,Apocalypto,"Action, Adventure, Drama",2006,139,7.8,68.0,314879,50.87
144,300,"Action, Drama",2006,117,7.6,52.0,822160,210.61
145,Batman Begins,"Action, Crime, Drama",2005,140,8.2,70.0,1469254,
146,Ocean's Eleven,"Crime, Thriller",2001,116,7.7,74.0,576796,183.42
147,Memento,"Mystery, Thriller",2000,113,8.4,81.0,1237311,
148,Guardians of the Galaxy Vol. 2,"Action, Adventure, Comedy",2017,136,7.6,67.0,682256,389.81
149,City of God,"Crime, Drama",2002,130,8.6,79.0,756953,
150,Primal Fear,"Crime, Drama, Mystery",1996,129,7.7,47.0,220701,56.12
151,Deadpool,"Action, Adventure, Comedy",2016,108,8.0,65.0,1037611,363.07
152,"The Good, the Bad and the Ugly","Adventure, Western",1966,178,8.8,90.0,761510,
153,The Fifth Element,"Action, Adventure, Sci-Fi",1997,126,7.6,52.0,475930,63.54
154,The Lord of the Rings: The Two Towers,"Action, Adventure, Drama",2002,179,8.8,87.0,1663750,
155,CODA,"Comedy, Drama, Music",2021,111,8.0,72.0,132780,
156,Harry Potter and the Deathly Hallows: Part 1,"Adventure, Family, Fantasy",2010,146,7.7,65.0,549989,295.98
157,Deadpool 2,"Action, Adventure, Comedy",2018,119,7.7,66.0,583300,324.59
158,Sicario,"Action, Crime, Drama",2015,121,7.6,82.0,431445,46.89
159,Spirited Away,"Animation, Adventure, Family",2001,125,8.6,96.0,762670,
160,Hacksaw Ridge,"Biography, Drama, History",2016,139,8.1,71.0,526434,
161,One Flew Over the Cuckoo's Nest,Drama,1975,133,8.7,84.0,1007428,
162,Come and See,"Drama, Thriller, War",1985,142,8.4,,80933,
163,Another Round,"Comedy, Drama",2020,117,7.7,79.0,160287,
164,The Big Lebowski,"Comedy, Crime",1998,117,8.1,71.0,809518,
165,Amadeus,"Biography, Drama, Music",1984,160,8.4,88.0,402182,
166,Kingsman: The Secret Service,"Action, Adventure, Comedy",2014,129,7.7,60.0,669053,128.26
167,Donnie Darko,"Drama, Mystery, Sci-Fi",2001,113,8.0,88.0,802955,1.48
168,The Hangover,Comedy,2009,100,7.7,73.0,787130,277.32
169,Ghostbusters,"Action, Comedy, Fantasy",1984,105,7.8,71.0,417379,238.63
170,The Hobbit: An Unexpected Journey,"Adventure, Fantasy",2012,169,7.8,58.0,829636,303.0
171,The Exorcist,Horror,1973,122,8.1,81.0,409924,
172,The Magnificent Seven,"Action, Adventure, Western",1960,128,7.7,74.0,95971,4.91
173,Life Is Beautiful,"Comedy, Drama, Romance",1997,116,8.6,59.0,694908,
174,Taken,"Action, Crime, Thriller",2008,90,7.8,51.0,604926,145.0
175,Ford v Ferrari,"Action, Biography, Drama",2019,152,8.1,81.0,394401,
176,Green Book,"Biography, Comedy, Drama",2018,130,8.2,69.0,491845,
177,American History X,"Crime, Drama",1998,119,8.5,62.0,1121955,
178,The Truman Show,"Comedy, Drama",1998,103,8.2,90.0,1080504,
179,Airplane!,Comedy,1980,88,7.7,78.0,241517,83.4
180,Her,"Drama, Romance, Sci-Fi",2013,126,8.0,91.0,614639,25.57
181,Once Upon a Time in America,"Crime, Drama",1984,229,8.3,75.0,353073,
182,Star Trek,"Action, Adventure, Sci-Fi",2009,127,7.9,82.0,605017,257.73
183,There Will Be Blood,Drama,2007,158,8.2,93.0,587756,
184,Lost in Translation,"Comedy, Drama",2003,102,7.7,91.0,457017,44.59
185,The Hunt,Drama,2012,115,8.3,77.0,331380,
186,The Sound of Music,"Biography, Drama, Family",1965,172,8.1,63.0,236238,
187,The Avengers,"Action, Adventure, Sci-Fi",2012,143,8.0,69.0,1390403,623.28
188,Watchmen,"Action, Drama, Mystery",2009,162,7.6,56.0,553814,107.51
189,The Verdict,Drama,1982,129,7.7,77.0,41259,54.0
190,Thirteen Lives,"Action, Adventure, Biography",2022,147,7.8,66.0,51721,
191,Mystic River,"Crime, Drama, Mystery",2003,138,7.9,84.0,458614,90.14
192,Full Metal Jacket,"Drama, War",1987,116,8.3,76.0,743519,
193,Braveheart,"Biography, Drama, History",1995,178,8.4,68.0,1037789,
194,A Star Is Born,"Drama, Music, Romance",2018,136,7.6,88.0,385503,215.29
195,The Revenant,"Action, Adventure, Drama",2015,156,8.0,76.0,804880,183.64
196,Arrival,"Drama, Mystery, Sci-Fi",2016,116,7.9,81.0,695926,100.55
197,The Social Network,"Biography, Drama",2010,120,7.8,95.0,704541,96.96
198,Ex Machina,"Drama, Sci-Fi, Thriller",2014,108,7.7,78.0,546996,25.44
199,Stardust,"Adventure, Family, Fantasy",2007,127,7.6,66.0,274106,38.63
200,Unforgiven,"Drama, Western",1992,130,8.2,85.0,413410,
201,The Thing,"Horror, Mystery, Sci-Fi",1982,109,8.2,57.0,426874,
202,Jojo Rabbit,"Comedy, Drama, War",2019,108,7.9,58.0,390352,33.37
203,Star Wars: Episode VII - The Force Awakens,"Action, Adventure, Sci-Fi",2015,138,7.8,80.0,931203,936.66
204,Atonement,"Drama, Mystery, Romance",2007,123,7.8,85.0,280446,50.93
205,Casablanca,"Drama, Romance, War",1942,102,8.5,100.0,572423,
206,The Lion King,"Animation, Adventure, Drama",1994,88,8.5,88.0,1056913,
207,Mission: Impossible - Fallout,"Action, Adventure, Thriller",2018,147,7.7,86.0,334100,220.16
208,The Shop Around the Corner,"Comedy, Drama, Romance",1940,99,8.0,96.0,34251,0.2
209,Casino,"Crime, Drama",1995,178,8.2,73.0,521420,
210,Nightcrawler,"Crime, Drama, Thriller",2014,117,7.8,76.0,549099,32.38
211,Blue Is the Warmest Colour,"Drama, Romance",2013,180,7.7,90.0,153758,2.2
212,The Pianist,"Biography, Drama, Music",2002,150,8.5,85.0,831560,
213,Office Space,Comedy,1999,89,7.7,68.0,269193,10.82
214,A Beautiful Mind,"Biography, Drama",2001,135,8.2,72.0,933012,
215,E.T. the Extra-Terrestrial,"Adventure, Family, Sci-Fi",1982,115,7.9,91.0,411404,435.11
216,Hamilton,"Biography, Drama, History",2020,160,8.4,89.0,95210,
217,The Sixth Sense,"Drama, Mystery, Thriller",1999,107,8.2,64.0,992303,
218,Shrek,"Animation, Adventure, Comedy",2001,90,7.9,84.0,678410,267.67
219,The Intouchables,"Biography, Comedy, Drama",2011,112,8.5,57.0,857695,
220,Ratatouille,"Animation, Adventure, Comedy",2007,111,8.1,96.0,737273,
221,The Father,"Drama, Mystery",2020,97,8.2,88.0,154155,
222,First Blood,"Action, Adventure, Thriller",1982,93,7.7,61.0,254990,47.21
223,The Incredibles,"Animation, Action, Adventure",2004,115,8.0,90.0,738266,
224,Dead Poets Society,"Comedy, Drama",1989,128,8.1,79.0,492255,
225,Fargo,"Crime, Thriller",1996,98,8.1,85.0,679200,
226,Thor: Ragnarok,"Action, Adventure, Comedy",2017,130,7.9,74.0,752307,315.06
227,Bohemian Rhapsody,"Biography, Drama, Music",2018,134,7.9,49.0,539380,216.43
228,Coco,"Animation, Adventure, Comedy",2017,105,8.4,81.0,507693,
229,Skyfall,"Action, Adventure, Thriller",2012,143,7.8,81.0,698437,304.36
230,True Romance,"Crime, Drama, Romance",1993,119,7.9,59.0,228554,12.28
231,Sin City,"Crime, Thriller",2005,124,8.0,74.0,770865,74.1
232,The Perks of Being a Wallflower,Drama,2012,103,7.9,67.0,513883,17.74
233,Man on Fire,"Action, Crime, Drama",2004,146,7.7,47.0,365614,77.91
234,Rocky,"Drama, Sport",1976,120,8.1,70.0,577183,
235,The Martian,"Adventure, Drama, Sci-Fi",2015,144,8.0,80.0,854644,228.43
236,Hachi: A Dog's Tale,"Biography, Drama, Family",2009,93,8.1,,286456,
237,Blue Velvet,"Crime, Drama, Mystery",1986,120,7.7,76.0,201204,8.55
238,Gone Baby Gone,"Crime, Drama, Mystery",2007,114,7.6,72.0,274191,20.3
239,Kill Bill: Vol. 2,"Action, Crime, Thriller",2004,137,8.0,83.0,757864,66.21
240,My Cousin Vinny,"Comedy, Crime",1992,120,7.6,68.0,126715,52.93
241,Toy Story,"Animation, Adventure, Comedy",1995,81,8.3,95.0,993292,
242,Zodiac,"Crime, Drama, Mystery",2007,157,7.7,78.0,543684,33.08
243,Star Wars: Episode VI - Return of the Jedi,"Action, Adventure, Fantasy",1983,131,8.3,58.0,1053368,
244,Zootopia,"Animation, Adventure, Comedy",2016,108,8.0,78.0,500331,341.27
245,500 Days of Summer,"Comedy, Drama, Romance",2009,95,7.7,76.0,518135,32.39
246,Hell or High Water,"Crime, Drama, Thriller",2016,102,7.6,88.0,232867,26.86
247,The Help,Drama,2011,146,8.1,62.0,460622,
248,The Big Sleep,"Crime, Film-Noir, Mystery",1946,114,7.9,86.0,86529,6.54
249,V for Vendetta,"Action, Drama, Sci-Fi",2005,132,8.2,62.0,1122498,
250,Manchester by the Sea,Drama,2016,137,7.8,96.0,284248,47.7
251,L.A. Confidential,"Crime, Drama, Mystery",1997,138,8.2,91.0,584231,
252,Training Day,"Action, Crime, Drama",2001,122,7.7,69.0,438853,76.63
253,The Imitation Game,"Biography, Drama, Thriller",2014,114,8.0,71.0,770518,91.13
254,The Curious Case of Benjamin Button,"Drama, Fantasy, Romance",2008,166,7.8,70.0,652689,127.51
255,Spotlight,"Biography, Crime, Drama",2015,129,8.1,93.0,471051,
256,The Game,"Drama, Mystery, Thriller",1997,129,7.7,61.0,398785,48.32
257,The Girl with the Dragon Tattoo,"Crime, Drama, Mystery",2011,158,7.8,71.0,465342,102.52
258,Moneyball,"Biography, Drama, Sport",2011,133,7.6,87.0,425801,75.61
259,Captain America: The Winter Soldier,"Action, Adventure, Sci-Fi",2014,136,7.8,70.0,846412,259.77
260,Jaws,"Adventure, Thriller",1975,124,8.1,87.0,607608,
261,Star Wars: Episode V - The Empire Strikes Back,"Action, Adventure, Fantasy",1980,124,8.7,82.0,1290684,
262,Memories of Murder,"Crime, Drama, Mystery",2003,132,8.1,82.0,185682,
263,Trainspotting,Drama,1996,93,8.1,83.0,688370,
264,12 Years a Slave,"Biography, Drama, History",2013,134,8.1,96.0,701959,
265,Die Hard with a Vengeance,"Action, Adventure, Thriller",1995,128,7.6,58.0,389439,100.01
266,Coraline,"Animation, Drama, Family",2009,100,7.7,80.0,232622,75.29
267,Silver Linings Playbook,"Comedy, Drama, Romance",2012,122,7.7,81.0,711232,132.09
268,When Harry Met Sally...,"Comedy, Drama, Romance",1989,95,7.7,76.0,222846,92.82
269,Brokeback Mountain,"Drama, Romance",2005,134,7.7,87.0,359165,83.04
270,Dances with Wolves,"Adventure, Drama, Western",1990,181,8.0,72.0,267025,184.21
271,Psycho,"Horror, Mystery, Thriller",1960,109,8.5,97.0,672398,
272,Lethal Weapon,"Action, Crime, Thriller",1987,109,7.6,68.0,260824,65.21
273,Inside Out,"Animation, Adventure, Comedy",2015,95,8.2,94.0,713764,
274,The Count of Monte Cristo,"Action, Adventure, Drama",2002,131,7.7,61.0,139411,54.23
275,The Hobbit: The Desolation of Smaug,"Adventure, Fantasy",2013,161,7.8,66.0,665581,258.37
276,Inside Man,"Crime, Drama, Mystery",2006,129,7.6,76.0,375356,88.51
277,Predator,"Action, Adventure, Horror",1987,107,7.8,47.0,425421,59.74
278,Into the Wild,"Adventure, Biography, Drama",2007,148,8.1,73.0,624470,
279,Moana,"Animation, Adventure, Comedy",2016,107,7.6,81.0,337556,248.76
280,X-Men: First Class,"Action, Adventure, Sci-Fi",2011,131,7.7,65.0,694652,146.41
281,Gone with the Wind,"Drama, Romance, War",1939,238,8.2,97.0,316800,
282,Little Miss Sunshine,"Comedy, Drama",2006,101,7.8,80.0,483453,59.89
283,The Machinist,"Drama, Thriller",2004,101,7.7,61.0,392585,1.08
284,Your Name.,"Animation, Drama, Fantasy",2016,106,8.4,79.0,269258,
285,"O Brother, Where Art Thou?","Adventure, Comedy, Crime",2000,107,7.7,69.0,313993,45.51
286,Amélie,"Comedy, Romance",2001,122,8.3,69.0,757590,
287,3 Idiots,"Comedy, Drama",2009,170,8.4,67.0,401276,
288,3:10 to Yuma,"Action, Crime, Drama",2007,122,7.7,76.0,313954,53.61
289,Y tu mamá también,Drama,2001,106,7.7,88.0,124013,13.62
290,Room,"Drama, Thriller",2015,118,8.1,86.0,421982,
291,As Good as It Gets,"Comedy, Drama, Romance",1997,139,7.7,67.0,300778,148.48
292,Howl's Moving Castle,"Animation, Adventure, Family",2004,119,8.2,80.0,396385,
293,Black Hawk Down,"Action, Drama, History",2001,144,7.7,74.0,398730,108.64
294,Lawrence of Arabia,"Adventure, Biography, Drama",1962,218,8.3,100.0,295007,
295,Marriage Story,"Drama, Romance",2019,137,7.9,94.0,310720,2.0
296,The Lives of Others,"Drama, Mystery, Thriller",2006,137,8.4,89.0,390624,
297,"Lock, Stock and Two Smoking Barrels","Action, Comedy, Crime",1998,107,8.2,66.0,583489,
298,Groundhog Day,"Comedy, Drama, Fantasy",1993,101,8.1,72.0,632639,
299,Portrait of a Lady on Fire,"Drama, Romance",2019,122,8.1,95.0,92899,3.76
300,RoboCop,"Action, Crime, Sci-Fi",1987,102,7.6,70.0,261033,53.42
301,The Deer Hunter,"Drama, War",1978,183,8.1,86.0,340714,
302,Star Wars: Episode III - Revenge of the Sith,"Action, Adventure, Fantasy",2005,140,7.6,68.0,792831,380.26
303,Hidden Figures,"Biography, Drama, History",2016,127,7.8,74.0,231587,169.61
304,The Butterfly Effect,"Drama, Sci-Fi, Thriller",2004,113,7.6,30.0,491770,57.94
305,Blazing Saddles,"Comedy, Western",1974,93,7.7,73.0,141118,119.5
306,Mr. Nobody,"Drama, Fantasy, Romance",2009,141,7.8,63.0,234975,0.0
307,The Sting,"Comedy, Crime, Drama",1973,129,8.3,83.0,263484,
308,The Boy in the Striped Pajamas,"Drama, War",2008,94,7.7,55.0,221120,9.03
309,WALL·E,"Animation, Adventure, Family",2008,98,8.4,95.0,1115015,
310,The Invisible Guest,"Crime, Drama, Mystery",2016,106,8.0,,177105,
311,Fantastic Mr. Fox,"Animation, Adventure, Comedy",2009,87,7.9,83.0,234343,21.0
312,Cast Away,"Adventure, Drama, Romance",2000,143,7.8,73.0,593880,233.63
313,The Blues Brothers,"Action, Adventure, Comedy",1980,133,7.9,60.0,201303,57.23
314,Before Sunrise,"Drama, Romance",1995,101,8.1,77.0,309682,
315,12 Monkeys,"Mystery, Sci-Fi, Thriller",1995,129,8.0,74.0,619725,57.14
316,Warrior,"Action, Drama, Sport",2011,140,8.2,71.0,473818,
317,Barry Lyndon,"Adventure, Drama, War",1975,185,8.1,89.0,169380,
318,Up,"Animation, Adventure, Comedy",2009,96,8.3,88.0,1043414,
319,Crash,"Crime, Drama, Thriller",2004,112,7.8,66.0,437808,54.58
320,Saw,"Horror, Mystery, Thriller",2004,103,7.6,46.0,424425,56.0
321,Platoon,"Drama, War",1986,120,8.1,92.0,415740,
322,Captain America: Civil War,"Action, Adventure, Sci-Fi",2016,147,7.8,75.0,788342,408.08
323,Apollo 13,"Adventure, Drama, History",1995,140,7.7,77.0,297152,173.84
324,Finding Nemo,"Animation, Adventure, Comedy",2003,100,8.2,90.0,1043441,
325,Hot Fuzz,"Action, Comedy, Mystery",2007,121,7.8,81.0,507599,23.64
326,Birdman or (The Unexpected Virtue of Ignorance),"Comedy, Drama",2014,119,7.7,87.0,631361,42.34
327,A Few Good Men,"Drama, Thriller",1992,138,7.7,62.0,266345,141.34
328,Misery,"Drama, Thriller",1990,107,7.8,75.0,214498,61.28
329,Mary Poppins,"Comedy, Family, Fantasy",1964,139,7.8,88.0,174280,102.27
330,Wonder,"Drama, Family",2017,113,7.9,66.0,165798,132.42
331,The Bourne Identity,"Action, Mystery, Thriller",2002,119,7.9,68.0,548821,121.66
332,A Man Called Ove,"Comedy, Drama, Romance",2015,116,7.7,70.0,56660,3.36
333,Downfall,"Biography, Drama, History",2004,156,8.2,82.0,357015,
334,Argo,"Biography, Drama, Thriller",2012,120,7.7,86.0,616223,136.03
335,Children of Men,"Action, Drama, Sci-Fi",2006,109,7.9,84.0,502454,35.55
336,Incendies,"Drama, Mystery",2010,131,8.3,80.0,178825,
337,True Grit,"Drama, Western",2010,110,7.6,80.0,341076,171.24
338,Deliverance,"Adventure, Drama, Thriller",1972,109,7.7,80.0,110940,7.06
339,"Monsters, Inc.","Animation, Adventure, Comedy",2001,92,8.1,79.0,909108,
340,In the Mood for Love,"Drama, Romance",2000,98,8.1,86.0,151331,2.73
341,The Last of the Mohicans,"Action, Adventure, Drama",1992,112,7.7,76.0,172333,75.51
342,The Blind Side,"Biography, Drama, Sport",2009,129,7.6,53.0,334349,255.96
343,Big Fish,"Adventure, Drama, Fantasy",2003,125,8.0,58.0,442878,66.26
344,The Fighter,"Action, Biography, Drama",2010,116,7.8,79.0,369972,93.62
345,Let the Right One In,"Drama, Fantasy, Horror",2008,114,7.9,82.0,218991,2.12
346,The Pursuit of Happyness,"Biography, Drama",2006,117,8.0,64.0,513983,163.57
347,Magnolia,Drama,1999,188,8.0,77.0,314211,22.46
348,The Graduate,"Comedy, Drama, Romance",1967,106,8.0,83.0,274760,104.95
349,American Gangster,"Biography, Crime, Drama",2007,157,7.8,76.0,428671,130.16
350,Tangled,"Animation, Adventure, Comedy",2010,100,7.7,71.0,455500,200.82
351,"Blood In, Blood Out","Crime, Drama",1993,180,7.9,47.0,31876,4.5
352,All Quiet on the Western Front,"Drama, War",1930,152,8.1,91.0,63327,3.27
353,The Skin I Live In,"Drama, Horror, Mystery",2011,120,7.6,70.0,154427,3.19
354,Soul,"Animation, Adventure, Comedy",2020,100,8.0,83.0,330090,
355,Close Encounters of the Third Kind,"Drama, Sci-Fi",1977,138,7.6,90.0,203663,132.09
356,The Untouchables,"Crime, Drama, Thriller",1987,119,7.8,79.0,311774,76.27
357,The Royal Tenenbaums,"Comedy, Drama",2001,110,7.6,76.0,294572,52.36
358,Chinatown,"Drama, Mystery, Thriller",1974,130,8.2,92.0,328099,
359,Citizen Kane,"Drama, Mystery",1941,119,8.3,100.0,443259,
360,Awakenings,"Biography, Drama",1990,121,7.8,74.0,143474,52.1
361,Back to the Future Part II,"Adventure, Comedy, Sci-Fi",1989,108,7.8,57.0,534849,118.5
362,Remember the Titans,"Biography, Drama, Sport",2000,113,7.8,48.0,217396,115.65
363,Grave of the Fireflies,"Animation, Drama, War",1988,89,8.5,94.0,278166,
364,Kung Fu Panda,"Animation, Action, Adventure",2008,92,7.6,74.0,472006,215.43
365,Capernaum,Drama,2018,126,8.4,75.0,90493,
366,Minority Report,"Action, Crime, Mystery",2002,145,7.6,80.0,553753,132.07
367,What We Do in the Shadows,"Comedy, Horror",2014,86,7.6,76.0,185747,3.33
368,Rain Man,Drama,1988,133,8.0,65.0,515998,178.8
369,Sense and Sensibility,"Drama, Romance",1995,136,7.7,84.0,117438,43.18
370,Bridge of Spies,"Drama, History, Thriller",2015,142,7.6,81.0,312797,72.31
371,Who Framed Roger Rabbit,"Animation, Adventure, Comedy",1988,104,7.7,83.0,203188,156.45
372,Star Trek II: The Wrath of Khan,"Action, Adventure, Sci-Fi",1982,113,7.7,68.0,122899,78.91
373,Road to Perdition,"Crime, Drama, Thriller",2002,117,7.7,72.0,269880,104.45
374,Despicable Me,"Animation, Adventure, Comedy",2010,95,7.6,72.0,549264,251.51
375,Moonrise Kingdom,"Comedy, Drama, Romance",2012,94,7.8,84.0,351685,45.51
376,Gravity,"Drama, Sci-Fi, Thriller",2013,91,7.7,96.0,827172,274.09
377,The Wrestler,"Drama, Sport",2008,109,7.9,80.0,307739,26.24
378,Brazil,"Drama, Sci-Fi",1985,132,7.9,84.0,202125,9.93
379,Midnight in Paris,"Comedy, Fantasy, Romance",2011,94,7.7,81.0,426136,56.82
380,Scent of a Woman,Drama,1992,156,8.0,59.0,298501,63.9
381,Seven Samurai,"Action, Drama",1954,207,8.6,98.0,346643,
382,"Crouching Tiger, Hidden Dragon","Action, Adventure, Drama",2000,120,7.9,94.0,270662,128.08
383,How to Train Your Dragon,"Animation, Action, Adventure",2010,98,8.1,75.0,740818,
384,District 9,"Action, Sci-Fi, Thriller",2009,112,7.9,81.0,683787,115.65
385,Star Trek Into Darkness,"Action, Adventure, Sci-Fi",2013,132,7.7,72.0,484931,228.78
386,The Red Shoes,"Drama, Music, Romance",1948,135,8.1,,35706,10.9
387,Toy Story 4,"Animation, Adventure, Comedy",2019,100,7.7,84.0,251923,434.04
388,Some Like It Hot,"Comedy, Music, Romance",1959,121,8.2,98.0,268439,
389,JFK,"Drama, History, Thriller",1991,189,8.0,72.0,157713,70.41
390,Gran Torino,Drama,2008,116,8.1,72.0,776813,
391,Aladdin,"Animation, Adventure, Comedy",1992,90,8.0,86.0,421507,
392,Eastern Promises,"Crime, Drama, Thriller",2007,100,7.6,83.0,245238,17.11
393,Cool Hand Luke,"Crime, Drama",1967,127,8.1,92.0,178441,
394,Rush,"Action, Biography, Drama",2013,123,8.1,74.0,481142,
395,Paddington 2,"Adventure, Comedy, Family",2017,103,7.8,88.0,80162,40.44
396,The Fugitive,"Action, Crime, Drama",1993,130,7.8,87.0,297250,183.88
397,Doctor Zhivago,"Drama, Romance, War",1965,197,7.9,69.0,77673,111.72
398,Shaun of the Dead,"Comedy, Horror",2004,99,7.9,76.0,560438,13.54
399,Gattaca,"Drama, Sci-Fi, Thriller",1997,106,7.8,64.0,306399,12.34
400,Halloween,"Horror, Thriller",1978,91,7.7,87.0,282839,47.0
401,X-Men: Days of Future Past,"Action, Adventure, Sci-Fi",2014,132,7.9,75.0,714174,233.92
402,Princess Mononoke,"Animation, Action, Adventure",1997,134,8.4,76.0,395571,
403,Empire of the Sun,"Drama, War",1987,153,7.7,62.0,127071,22.24
404,Monty Python and the Holy Grail,"Adventure, Comedy, Fantasy",1975,91,8.2,91.0,542809,
405,A Bronx Tale,"Crime, Drama",1993,121,7.8,80.0,143761,17.27
406,Life of Pi,"Adventure, Drama, Fantasy",2012,127,7.9,79.0,632159,124.99
407,Raging Bull,"Biography, Drama, Sport",1980,129,8.2,89.0,355518,
408,What's Eating Gilbert Grape,Drama,1993,118,7.7,73.0,239164,9.17
409,Flipped,"Comedy, Drama, Romance",2010,90,7.7,45.0,91117,1.75
410,Drishyam,"Crime, Drama, Mystery",2015,163,8.2,,84485,0.74
411,Wild Tales,"Comedy, Drama, Thriller",2014,122,8.1,77.0,199571,
412,Fiddler on the Roof,"Drama, Family, Musical",1971,181,8.0,67.0,44153,80.5
413,The Lego Movie,"Animation, Action, Adventure",2014,100,7.7,83.0,357509,257.76
414,Captain Fantastic,"Comedy, Drama",2016,118,7.8,72.0,220418,5.88
415,For a Few Dollars More,Western,1965,132,8.2,74.0,257987,
416,Dr. Strangelove or: How I Learned to Stop Worrying and Love the Bomb,"Comedy, War",1964,95,8.4,97.0,492046,
417,Vertigo,"Mystery, Romance, Thriller",1958,128,8.3,100.0,403515,
418,Blood Diamond,"Adventure, Drama, Thriller",2006,143,8.0,64.0,551776,57.37
419,Young Frankenstein,Comedy,1974,106,8.0,80.0,159887,86.3
420,Toy Story 3,"Animation, Adventure, Comedy",2010,103,8.3,92.0,836333,
421,Straight Outta Compton,"Biography, Drama, History",2015,147,7.8,72.0,203804,161.2
422,Rear Window,"Mystery, Thriller",1954,112,8.5,100.0,492490,
423,Perfect Blue,"Animation, Crime, Drama",1997,81,8.0,67.0,78212,0.78
424,To Kill a Mockingbird,"Crime, Drama",1962,129,8.3,88.0,317756,
425,Dallas Buyers Club,"Biography, Drama",2013,117,7.9,77.0,490219,27.3
426,Slumdog Millionaire,"Crime, Drama, Romance",2008,120,8.0,84.0,846548,141.32
427,Captain Phillips,"Action, Biography, Crime",2013,134,7.8,82.0,463217,107.1
428,A Fistful of Dollars,"Action, Drama, Western",1964,99,7.9,65.0,218927,14.5
429,Sound of Metal,"Drama, Music",2019,120,7.7,82.0,129067,
430,Cinema Paradiso,"Drama, Romance",1988,155,8.5,80.0,262007,
431,Million Dollar Baby,"Drama, Sport",2004,132,8.1,86.0,688404,
432,Donnie Brasco,"Biography, Crime, Drama",1997,127,7.7,76.0,310554,41.91
433,Moon,"Drama, Mystery, Sci-Fi",2009,97,7.8,67.0,360901,5.01
434,Metropolis,"Drama, Sci-Fi",1927,153,8.3,98.0,175368,
435,The Fault in Our Stars,"Drama, Romance",2014,126,7.7,69.0,378913,124.87
436,Clerks,Comedy,1994,92,7.7,70.0,224427,3.15
437,The Last Samurai,"Action, Drama",2003,154,7.8,55.0,443108,111.11
438,After Hours,"Comedy, Crime, Drama",1985,97,7.6,90.0,70828,10.6
439,The Dirty Dozen,"Action, Adventure, War",1967,150,7.7,73.0,74556,45.3
440,The Others,"Horror, Mystery, Thriller",2001,104,7.6,74.0,369271,96.52
441,The Fly,"Drama, Horror, Sci-Fi",1986,96,7.6,79.0,185202,40.46
442,The Theory of Everything,"Biography, Drama, Romance",2014,123,7.7,71.0,453197,35.89
443,Joyeux Noel,"Drama, History, Music",2005,116,7.7,70.0,30200,1.05
444,Glengarry Glen Ross,"Crime, Drama, Mystery",1992,100,7.7,82.0,106948,10.73
445,Run Lola Run,"Action, Crime, Thriller",1998,80,7.7,77.0,200147,7.27
446,Rosemary's Baby,"Drama, Horror",1968,137,8.0,96.0,218780,
447,The Boondock Saints,"Action, Thriller",1999,108,7.7,44.0,240575,0.03
448,La haine,"Crime, Drama",1995,98,8.1,,175206,
449,The Boat,"Drama, War",1981,149,8.4,86.0,252018,
450,Traffic,"Crime, Drama, Thriller",2000,147,7.6,86.0,208706,124.12
451,The King's Speech,"Biography, Drama, History",2010,118,8.0,88.0,682008,138.8
452,Being John Malkovich,"Comedy, Drama, Fantasy",1999,113,7.8,90.0,337601,22.86
453,I Saw the Devil,"Action, Crime, Drama",2010,144,7.8,67.0,132144,0.13
454,The Secret in Their Eyes,"Drama, Mystery, Romance",2009,129,8.2,80.0,210797,
455,End of Watch,"Action, Adventure, Crime",2012,109,7.6,68.0,250730,41.0
456,Midnight Cowboy,Drama,1969,113,7.8,79.0,112138,44.79
457,Adaptation.,"Comedy, Drama",2002,115,7.7,83.0,194130,22.25
458,Boyz n the Hood,"Crime, Drama",1991,112,7.8,76.0,142266,57.5
459,Do the Right Thing,"Comedy, Drama",1989,120,7.9,93.0,103299,27.55
460,The Sandlot,"Comedy, Drama, Family",1993,101,7.8,55.0,93738,32.42
461,Serenity,"Action, Adventure, Sci-Fi",2005,119,7.8,74.0,297306,25.51
462,The Great Escape,"Adventure, Drama, History",1963,172,8.2,86.0,245676,
463,My Neighbor Totoro,"Animation, Comedy, Family",1988,86,8.1,86.0,340586,
464,The Color Purple,Drama,1985,154,7.7,78.0,88060,98.47
465,The Iron Giant,"Animation, Action, Adventure",1999,86,8.1,85.0,199853,
466,Tumbbad,"Drama, Fantasy, Horror",2018,104,8.2,,50046,
467,The Mitchells vs the Machines,"Animation, Adventure, Comedy",2021,114,7.6,81.0,109398,
468,Walk the Line,"Biography, Drama, Music",2005,136,7.8,72.0,252761,119.52
469,Big Hero 6,"Animation, Action, Adventure",2014,102,7.8,74.0,463296,222.53
470,K.G.F: Chapter 2,"Action, Crime, Drama",2022,168,8.3,,133084,
471,Lion,"Biography, Drama",2016,118,8.0,69.0,237623,51.74
472,Ben-Hur,"Adventure, Drama",1959,212,8.1,90.0,240354,
473,The Bourne Ultimatum,"Action, Mystery, Thriller",2007,115,8.0,85.0,636354,227.47
474,Carlito's Way,"Crime, Drama, Thriller",1993,144,7.9,65.0,220032,36.95
475,The Elephant Man,"Biography, Drama",1980,124,8.2,78.0,242640,
476,The Ten Commandments,"Adventure, Drama, Family",1956,220,7.9,,71707,93.74
477,The World's Fastest Indian,"Biography, Drama, Sport",2005,127,7.8,68.0,55600,5.13
478,The Thin Red Line,"Drama, History, War",1998,170,7.6,78.0,189229,36.4
479,North by Northwest,"Action, Adventure, Mystery",1959,136,8.3,98.0,329219,
480,Dark City,"Fantasy, Mystery, Sci-Fi",1998,100,7.6,66.0,201525,14.38
481,Mulan,"Animation, Adventure, Comedy",1998,88,7.6,71.0,290023,120.62
482,Planet of the Apes,"Adventure, Sci-Fi",1968,112,8.0,79.0,181493,33.4
483,Chungking Express,"Comedy, Crime, Drama",1994,102,8.0,78.0,83403,0.6
484,Stalker,"Drama, Sci-Fi",1979,162,8.1,,135238,0.23
485,The Apartment,"Comedy, Drama, Romance",1960,125,8.3,94.0,182681,
486,Boyhood,Drama,2014,165,7.9,100.0,355718,25.38
487,Dirty Harry,"Action, Crime, Thriller",1971,102,7.7,87.0,158270,35.9
488,The Bourne Supremacy,"Action, Mystery, Thriller",2004,108,7.7,73.0,465639,176.24
489,The Road Warrior,"Action, Adventure, Sci-Fi",1981,96,7.6,77.0,182338,12.47
490,Sling Blade,Drama,1996,135,8.0,84.0,94734,24.48
491,Life of Brian,Comedy,1979,94,8.0,77.0,401158,
492,The Holy Mountain,"Adventure, Drama, Fantasy",1973,114,7.8,76.0,43839,0.06
493,Isle of Dogs,"Animation, Adventure, Comedy",2018,101,7.8,82.0,170416,32.02
494,Toy Story 2,"Animation, Adventure, Comedy",1999,92,7.9,88.0,582592,245.85
495,Akira,"Animation, Action, Drama",1988,124,8.0,67.0,188053,0.55
496,Philadelphia,Drama,1993,125,7.7,66.0,243915,77.32
497,High Noon,"Drama, Thriller, Western",1952,85,8.0,89.0,105207,9.45
498,Enter the Dragon,"Action, Crime, Drama",1973,102,7.6,83.0,105654,25.0
499,Butch Cassidy and the Sundance Kid,"Biography, Crime, Drama",1969,110,8.0,66.0,217172,102.31
500,Wreck-It Ralph,"Animation, Adventure, Comedy",2012,101,7.7,72.0,424827,189.42
501,Dawn of the Planet of the Apes,"Action, Adventure, Drama",2014,130,7.6,79.0,443601,208.55
502,The Man from Earth,"Drama, Fantasy, Mystery",2007,87,7.9,,188964,
503,Touch of Evil,"Crime, Drama, Film-Noir",1958,95,8.0,99.0,105447,2.24
504,Fanny and Alexander,Drama,1982,188,8.1,100.0,64342,4.97
505,The Trial of the Chicago 7,"Drama, History, Thriller",2020,129,7.7,76.0,178290,
506,777 Charlie,"Adventure, Comedy, Drama",2022,164,8.9,,31560,
507,Dogville,"Crime, Drama",2003,178,8.0,60.0,150059,1.53
508,This Is Spinal Tap,"Comedy, Music",1984,82,7.9,92.0,140707,4.74
509,I Am Sam,Drama,2001,132,7.6,28.0,150997,40.31
510,The Naked Gun: From the Files of Police Squad!,"Comedy, Crime",1988,85,7.6,76.0,171542,78.76
511,Naked,"Comedy, Drama",1993,131,7.7,85.0,40310,1.77
512,Dog Day Afternoon,"Biography, Crime, Drama",1975,125,8.0,86.0,258598,50.0
513,Searching,"Drama, Horror, Mystery",2018,102,7.6,71.0,164154,26.02
514,The Girl with the Dragon Tattoo,"Crime, Drama, Mystery",2009,152,7.8,76.0,217729,10.1
515,Roma,Drama,2018,135,7.7,96.0,159489,
516,Glory,"Biography, Drama, History",1989,122,7.8,78.0,136301,26.83
517,Snow White and the Seven Dwarfs,"Animation, Adventure, Family",1937,83,7.6,96.0,201178,184.93
518,Before Sunset,"Drama, Romance",2004,80,8.1,90.0,265617,
519,The Conversation,"Drama, Mystery, Thriller",1974,113,7.8,87.0,113229,4.42
520,The Fall,"Adventure, Drama, Fantasy",2006,117,7.8,64.0,113083,2.28
521,Frankenstein,"Drama, Horror, Sci-Fi",1931,70,7.8,91.0,74195,
522,Sunset Blvd.,"Drama, Film-Noir",1950,110,8.4,,222954,
523,Match Point,"Drama, Romance, Thriller",2005,124,7.6,72.0,219559,23.09
524,Dark Waters,"Biography, Drama, History",2019,126,7.6,73.0,89784,
525,In the Name of the Father,"Biography, Crime, Drama",1993,133,8.1,84.0,176318,
526,Sabrina,"Comedy, Drama, Romance",1954,113,7.6,72.0,65945,
527,The Birds,"Drama, Horror, Mystery",1963,119,7.6,90.0,191048,11.4
528,Persona,"Drama, Thriller",1966,83,8.1,86.0,119912,
529,Togo,"Adventure, Biography, Drama",2019,113,7.9,69.0,49759,
530,Gandhi,"Biography, Drama, History",1982,191,8.1,79.0,232782,
531,Amores Perros,"Drama, Thriller",2000,154,8.1,83.0,241639,
532,This Is England,"Crime, Drama",2006,101,7.7,86.0,123268,0.33
533,Harakiri,"Action, Drama, Mystery",1962,133,8.6,85.0,57745,
534,The Name of the Rose,"Drama, Mystery, Thriller",1986,130,7.7,54.0,109844,7.15
535,Detachment,Drama,2011,98,7.7,52.0,87280,0.07
536,Goldfinger,"Action, Adventure, Thriller",1964,110,7.7,87.0,192148,51.08
537,The Bride of Frankenstein,"Drama, Horror, Sci-Fi",1935,75,7.8,95.0,49592,4.36
538,Gaslight,"Crime, Drama, Mystery",1944,114,7.8,78.0,30069,
539,"Paris, Texas",Drama,1984,145,8.1,80.0,107491,2.18
540,Spartacus,"Adventure, Biography, Drama",1960,197,7.9,87.0,135994,30.0
541,My Fair Lady,"Drama, Family, Musical",1964,170,7.8,95.0,96382,72.0
542,A Silent Voice: The Movie,"Animation, Drama",2016,130,8.1,78.0,82948,
543,Annie Hall,"Comedy, Romance",1977,93,8.0,92.0,266857,39.2
544,Happiness,"Comedy, Drama",1998,134,7.7,81.0,71014,2.81
545,Ed Wood,"Biography, Comedy, Drama",1994,127,7.8,70.0,177560,5.89
546,Ghost in the Shell,"Animation, Action, Crime",1995,83,7.9,76.0,144428,0.52
547,The Bridge on the River Kwai,"Adventure, Drama, War",1957,161,8.2,87.0,221968,
548,Rocketry: The Nambi Effect,"Biography, Drama",2022,157,8.8,,50478,
549,The Searchers,"Adventure, Drama, Western",1956,119,7.9,94.0,90417,
550,The Raid: Redemption,"Action, Crime, Thriller",2011,101,7.6,73.0,206044,4.11
551,Demon Slayer the Movie: Mugen Train,"Animation, Action, Adventure",2020,117,8.2,72.0,58647,47.7
552,The Seventh Seal,"Drama, Fantasy",1957,96,8.1,88.0,186385,
553,The French Connection,"Action, Crime, Drama",1971,104,7.7,94.0,124170,15.63
554,Fried Green Tomatoes,Drama,1991,130,7.7,64.0,75984,82.42
555,The Great Beauty,Drama,2013,141,7.7,86.0,91810,2.85
556,Vikram,"Action, Crime, Thriller",2022,175,8.4,,58401,
557,The Jungle Book,"Animation, Adventure, Comedy",1967,78,7.6,65.0,184750,141.84
558,Baahubali: The Beginning,"Action, Drama",2015,159,8.0,,126169,6.74
559,The King of Comedy,"Comedy, Crime, Drama",1982,109,7.8,73.0,105366,2.5
560,A Separation,Drama,2011,123,8.3,95.0,246074,
561,Nosferatu,"Fantasy, Horror",1922,94,7.9,,98713,
562,Kung Fu Hustle,"Action, Comedy, Fantasy",2004,99,7.7,78.0,141225,17.11
563,8½,Drama,1963,138,8.0,92.0,118915,0.05
564,Seven Pounds,Drama,2008,123,7.6,36.0,304479,69.95
565,The Straight Story,"Biography, Drama",1999,112,8.0,86.0,91431,6.2
566,The Outlaw Josey Wales,Western,1976,135,7.8,69.0,74777,31.8
567,M,"Crime, Mystery, Thriller",1931,99,8.3,,158987,
568,Hunt for the Wilderpeople,"Adventure, Comedy, Drama",2016,101,7.8,81.0,131749,5.2
569,The Wild Bunch,"Action, Adventure, Western",1969,135,7.9,97.0,85494,12.06
570,Rushmore,"Comedy, Drama, Romance",1998,93,7.6,86.0,186983,17.11
571,The Quiet Man,"Comedy, Drama, Romance",1952,129,7.7,85.0,39358,10.55
572,Tokyo Godfathers,"Animation, Adventure, Comedy",2003,92,7.8,73.0,41497,0.13
573,The Best Offer,"Crime, Drama, Mystery",2013,131,7.8,49.0,120477,0.09
574,Mississippi Burning,"Crime, Drama, Mystery",1988,128,7.8,65.0,101977,34.6
575,October Sky,"Biography, Drama, Family",1999,108,7.8,71.0,92258,32.48
576,Lucky Number Slevin,"Crime, Drama, Thriller",2006,110,7.7,53.0,314865,22.49
577,The Maltese Falcon,"Crime, Film-Noir, Mystery",1941,100,8.0,97.0,159677,2.11
578,From Here to Eternity,"Drama, Romance, War",1953,118,7.6,85.0,47641,30.5
579,Rio Bravo,Western,1959,141,8.0,93.0,63450,12.54
580,Malcolm X,"Biography, Drama, History",1992,202,7.7,73.0,95795,48.17
581,All the President's Men,"Drama, History, Thriller",1976,138,7.9,84.0,117004,70.6
582,Hero,"Action, Adventure, Drama",2002,120,7.9,85.0,182314,53.71
583,The Best Years of Our Lives,"Drama, Romance, War",1946,170,8.1,93.0,65335,
584,Kramer vs. Kramer,Drama,1979,105,7.8,77.0,146569,106.26
585,Network,Drama,1976,121,8.1,83.0,160653,
586,La dolce vita,"Comedy, Drama",1960,174,8.0,95.0,74019,19.52
587,Changeling,"Biography, Crime, Drama",2008,141,7.8,63.0,256915,35.74
588,The Bridges of Madison County,"Drama, Romance",1995,135,7.6,69.0,82859,71.52
589,Ran,"Action, Drama, War",1985,162,8.2,96.0,126597,
590,Charade,"Comedy, Mystery, Romance",1963,113,7.9,83.0,78776,13.47
591,Serpico,"Biography, Crime, Drama",1973,130,7.7,81.0,124576,29.8
592,21 Grams,"Crime, Drama, Thriller",2003,124,7.6,70.0,238431,16.29
593,Solaris,"Drama, Mystery, Sci-Fi",1972,167,8.0,93.0,92309,
594,Bonnie and Clyde,"Action, Biography, Crime",1967,111,7.7,86.0,114203,
595,Witness for the Prosecution,"Crime, Drama, Mystery",1957,116,8.4,76.0,126333,
596,How to Train Your Dragon 2,"Animation, Action, Adventure",2014,102,7.8,77.0,337547,177.0
597,Ip Man,"Action, Biography, Drama",2008,106,8.0,59.0,224970,
598,Billy Elliot,"Drama, Music",2000,110,7.7,74.0,136002,22.0
599,Papillon,"Biography, Crime, Drama",1973,151,8.0,58.0,131651,53.27
600,Ponyo,"Animation, Adventure, Comedy",2008,101,7.6,86.0,145466,15.09
601,Paths of Glory,"Drama, War",1957,88,8.4,90.0,198355,
602,Before Midnight,"Drama, Romance",2013,109,7.9,94.0,159701,8.11
603,Night of the Living Dead,"Horror, Thriller",1968,96,7.8,89.0,130694,0.09
604,Miller's Crossing,"Crime, Drama, Thriller",1990,115,7.7,66.0,136378,5.08
605,Ordinary People,Drama,1980,124,7.7,86.0,53020,54.8
606,Belle de Jour,"Drama, Romance",1967,100,7.7,,45478,0.03
607,The Last Picture Show,"Drama, Romance",1971,118,8.0,93.0,48985,29.13
608,The Remains of the Day,"Drama, Romance",1993,134,7.8,86.0,75474,22.95
609,Three Colors: Blue,"Drama, Music, Mystery",1993,94,7.9,85.0,103264,1.32
610,The Third Man,"Film-Noir, Mystery, Thriller",1949,93,8.1,97.0,172691,
611,Cinderella Man,"Biography, Drama, Romance",2005,144,8.0,69.0,189227,61.65
612,Hotel Rwanda,"Biography, Drama, History",2004,121,8.1,79.0,356849,
613,Sing Street,"Comedy, Drama, Music",2016,106,7.9,79.0,94632,3.24
614,Kubo and the Two Strings,"Animation, Action, Adventure",2016,101,7.7,84.0,130372,48.02
615,Cabaret,"Drama, Music, Musical",1972,124,7.8,80.0,55842,42.77
616,Barton Fink,"Comedy, Drama, Thriller",1991,116,7.6,69.0,123069,6.15
617,Rebecca,"Drama, Film-Noir, Mystery",1940,130,8.1,86.0,138250,
618,Shoplifters,"Crime, Drama, Thriller",2018,121,7.9,93.0,77625,3.31
619,Double Indemnity,"Crime, Drama, Film-Noir",1944,107,8.3,95.0,158390,
620,Hamlet,Drama,1996,242,7.8,,38542,4.41
621,Jai Bhim,"Crime, Drama, Mystery",2021,164,8.8,,202157,
622,Ray,"Biography, Drama, Music",2004,152,7.7,73.0,149199,75.33
623,Kiki's Delivery Service,"Animation, Adventure, Family",1989,103,7.8,83.0,146109,
624,Wings of Desire,"Drama, Fantasy, Romance",1987,128,8.0,79.0,71906,3.33
625,50/50,"Comedy, Drama, Romance",2011,100,7.6,72.0,331913,35.01
626,The Insider,"Biography, Drama, Thriller",1999,157,7.8,84.0,172442,28.97
627,Zulu,"Drama, History, War",1964,138,7.7,77.0,39789,
628,The Wind Rises,"Animation, Biography, Drama",2013,126,7.7,83.0,87150,5.21
629,Once,"Drama, Music, Romance",2007,86,7.8,89.0,117327,9.44
630,Pink Floyd: The Wall,"Drama, Fantasy, Music",1982,95,8.0,47.0,81750,22.24
631,A Streetcar Named Desire,Drama,1951,122,7.9,97.0,109196,8.0
632,King Kong,"Adventure, Horror, Sci-Fi",1933,100,7.9,90.0,86401,10.0
633,Evil Dead II,"Comedy, Horror",1987,84,7.7,72.0,166548,5.92
634,Dancer in the Dark,"Crime, Drama, Musical",2000,140,7.9,61.0,110945,4.18
635,The Killing Fields,"Biography, Drama, History",1984,141,7.8,76.0,56162,34.7
636,The Last King of Scotland,"Biography, Drama, History",2006,123,7.6,74.0,187710,17.61
637,Like Stars on Earth,"Drama, Family",2007,165,8.4,,194393,
638,Mommy,Drama,2014,139,8.0,74.0,57759,3.49
639,Dawn of the Dead,"Horror, Thriller",1978,127,7.8,71.0,122273,5.1
640,Roman Holiday,"Comedy, Romance",1953,118,8.0,78.0,139609,
641,The Celebration,Drama,1998,105,8.1,82.0,87879,1.65
642,L'Avventura,"Drama, Mystery, Romance",1960,144,7.8,,30367,
643,The Right Stuff,"Adventure, Biography, Drama",1983,193,7.8,91.0,62086,21.5
644,On the Waterfront,"Crime, Drama, Thriller",1954,108,8.1,91.0,156201,
645,Mary and Max,"Animation, Comedy, Drama",2009,92,8.1,,178164,
646,The Great Dictator,"Comedy, Drama, War",1940,125,8.4,,224848,
647,All About Eve,Drama,1950,138,8.2,98.0,132213,
648,Ikiru,Drama,1952,143,8.3,91.0,79358,
649,Being There,"Comedy, Drama",1979,130,8.0,83.0,73420,30.18
650,My Left Foot,"Biography, Drama",1989,103,7.9,97.0,75181,14.74
651,Guess Who's Coming to Dinner,"Comedy, Drama",1967,108,7.8,63.0,45927,56.7
652,Anatomy of a Murder,"Drama, Mystery",1959,161,8.0,95.0,67079,11.9
653,Pride,"Biography, Comedy, Drama",2014,119,7.8,79.0,58127,
654,The Grapes of Wrath,Drama,1940,129,8.1,96.0,94073,
655,The Night of the Hunter,"Crime, Drama, Film-Noir",1955,92,8.0,99.0,90418,0.65
656,Rebel Without a Cause,Drama,1955,111,7.6,89.0,91930,
657,The Last Emperor,"Biography, Drama, History",1987,163,7.7,76.0,104480,43.98
658,The Taking of Pelham One Two Three,"Action, Crime, Thriller",1974,104,7.6,68.0,31502,2.49
659,The Artist,"Comedy, Drama, Romance",2011,100,7.9,89.0,242320,44.67
660,The Lion in Winter,"Biography, Drama, History",1968,134,7.9,,31944,22.28
661,Drishyam 2,"Crime, Drama, Thriller",2021,152,8.4,,37716,
662,Mother,"Crime, Drama, Mystery",2009,129,7.8,79.0,65336,0.55
663,Paprika,"Animation, Drama, Fantasy",2006,90,7.7,81.0,84631,0.88
664,Nausicaä of the Valley of the Wind,"Animation, Adventure, Sci-Fi",1984,117,8.0,86.0,170405,0.5
665,The Man from Nowhere,"Action, Crime, Drama",2010,119,7.7,,70490,0.01
666,The Station Agent,"Comedy, Drama",2003,89,7.6,81.0,71077,5.74
667,Rashomon,"Crime, Drama, Mystery",1950,88,8.2,98.0,169632,
668,Black Book,"Drama, Thriller, War",2006,145,7.7,71.0,77524,4.4
669,25th Hour,Drama,2002,135,7.6,68.0,179886,13.06
670,Harold and Maude,"Comedy, Drama, Romance",1971,91,7.9,62.0,78192,
671,Stagecoach,"Adventure, Drama, Western",1939,96,7.8,93.0,49815,
672,All That Jazz,"Drama, Music, Musical",1979,123,7.8,72.0,32535,37.82
673,Finding Neverland,"Biography, Drama, Family",2004,106,7.7,67.0,207360,51.68
674,The Man Who Shot Liberty Valance,"Drama, Western",1962,123,8.1,94.0,76887,
675,Letters from Iwo Jima,"Action, Adventure, Drama",2006,141,7.9,89.0,163893,13.76
676,Castle in the Sky,"Animation, Adventure, Family",1986,125,8.0,78.0,167750,
677,Infernal Affairs,"Action, Crime, Drama",2002,101,8.0,75.0,125625,0.17
678,"South Park: Bigger, Longer & Uncut","Animation, Comedy, Fantasy",1999,81,7.7,73.0,206033,52.04
679,The Thin Man,"Comedy, Crime, Mystery",1934,91,7.9,86.0,30362,
680,Paper Moon,"Comedy, Crime, Drama",1973,102,8.1,77.0,48426,30.93
681,Mirror,"Biography, Drama",1975,107,8.0,80.0,47586,0.18
682,Beasts of No Nation,"Drama, War",2015,137,7.7,79.0,82316,0.08
683,PK,"Comedy, Drama, Sci-Fi",2014,153,8.1,,189134,10.62
684,It Happened One Night,"Comedy, Romance",1934,105,8.1,87.0,104947,
685,What Ever Happened to Baby Jane?,"Drama, Horror, Thriller",1962,134,8.0,75.0,57316,4.05
686,Me and Earl and the Dying Girl,"Comedy, Drama, Romance",2015,105,7.7,74.0,132883,6.74
687,The Legend of 1900,"Drama, Music, Romance",1998,169,8.0,58.0,65096,0.26
688,Tokyo Story,Drama,1953,136,8.2,,62497,
689,In the Heat of the Night,"Drama, Mystery, Thriller",1967,110,7.9,75.0,77222,24.38
690,Andhadhun,"Comedy, Crime, Music",2018,139,8.2,,94380,1.37
691,Wolfwalkers,"Animation, Adventure, Family",2020,103,8.0,87.0,32979,
692,Modern Times,"Comedy, Drama, Romance",1936,87,8.5,96.0,243395,
693,Uri: The Surgical Strike,"Action, Drama, History",2019,138,8.2,,64775,4.19
694,Fantastic Planet,"Animation, Sci-Fi",1973,72,7.7,73.0,32269,0.19
695,Baahubali 2: The Conclusion,"Action, Drama",2017,167,8.2,,102536,20.19
696,Dial M for Murder,"Crime, Thriller",1954,105,8.2,75.0,177099,
697,Three Colors: Red,"Drama, Mystery, Romance",1994,99,8.1,100.0,104130,4.04
698,Breathless,"Crime, Drama",1960,90,7.7,,82806,0.34
699,The Longest Day,"Action, Drama, History",1962,178,7.7,75.0,56517,39.1
700,Badlands,"Action, Crime, Drama",1973,94,7.7,93.0,73852,
701,The Hustler,"Drama, Sport",1961,134,8.0,90.0,82739,8.28
702,Patton,"Biography, Drama, War",1970,172,7.9,91.0,103038,61.7
703,The Philadelphia Story,"Comedy, Romance",1940,112,7.9,96.0,70024,
704,A Very Long Engagement,"Drama, Mystery, Romance",2004,133,7.6,76.0,74242,6.17
705,Freaks,"Drama, Horror",1932,64,7.8,80.0,47212,0.63
706,The Man Who Would Be King,"Adventure, War",1975,129,7.8,91.0,49574,
707,Days of Heaven,"Drama, Romance",1978,94,7.8,93.0,58920,
708,The Manchurian Candidate,"Drama, Thriller",1962,126,7.9,94.0,76310,
709,Judgment at Nuremberg,"Drama, War",1961,179,8.3,60.0,78367,
710,The African Queen,"Adventure, Drama, Romance",1951,105,7.7,91.0,79599,0.54
711,Bicycle Thieves,Drama,1948,89,8.3,,164546,
712,Fantasia,"Animation, Family, Fantasy",1940,125,7.7,96.0,97636,76.41
713,Open Your Eyes,"Drama, Mystery, Sci-Fi",1997,119,7.7,,69976,0.37
714,Talk to Her,"Drama, Mystery, Romance",2002,112,7.9,86.0,113331,9.28
715,Loving Vincent,"Animation, Biography, Crime",2017,94,7.8,62.0,58739,6.74
716,The Day the Earth Stood Still,"Drama, Sci-Fi",1951,92,7.8,,82597,
717,Rope,"Crime, Drama, Mystery",1948,80,7.9,73.0,144927,
718,Whisper of the Heart,"Animation, Drama, Family",1995,111,7.9,75.0,63708,
719,Manhattan,"Comedy, Drama, Romance",1979,96,7.9,83.0,141223,45.7
720,Perfect Strangers,"Comedy, Drama",2016,96,7.7,,66134,
721,Gangs of Wasseypur,"Action, Comedy, Crime",2012,321,8.2,89.0,97084,
722,Neon Genesis Evangelion: The End of Evangelion,"Animation, Action, Drama",1997,87,8.0,,55829,
723,Breaking the Waves,Drama,1996,159,7.8,76.0,67778,4.04
724,The Cabinet of Dr. Caligari,"Horror, Mystery, Thriller",1920,67,8.0,,64882,
725,Amour,Drama,2012,127,7.9,94.0,101258,6.74
726,The Raid 2,"Action, Crime, Thriller",2014,150,7.9,71.0,124262,2.63
727,The Killing,"Crime, Drama, Film-Noir",1956,84,8.0,91.0,90800,
728,Kaithi,"Action, Adventure, Crime",2019,145,8.5,,32889,
729,Short Cuts,"Comedy, Drama",1993,188,7.7,81.0,45400,6.11
730,Good Bye Lenin!,"Comedy, Drama, Romance",2003,121,7.7,68.0,147178,4.06
731,The 400 Blows,"Crime, Drama",1959,99,8.1,,119048,
732,Nebraska,"Adventure, Comedy, Drama",2013,115,7.7,86.0,119056,17.65
733,The Leopard,"Drama, History",1963,186,8.0,100.0,26456,
734,Miracle in Cell No. 7,Drama,2019,132,8.2,,49503,
735,The Little Prince,"Animation, Adventure, Drama",2015,108,7.7,70.0,62842,1.34
736,Yojimbo,"Action, Drama, Thriller",1961,110,8.2,93.0,123816,
737,K.G.F: Chapter 1,"Action, Crime, Drama",2018,156,8.2,,87510,
738,The Chaser,"Action, Crime, Drama",2008,125,7.8,64.0,67352,
739,City Lights,"Comedy, Drama, Romance",1931,87,8.5,99.0,185571,
740,Wild Strawberries,"Drama, Romance",1957,91,8.1,88.0,108244,
741,United 93,"Action, Drama, History",2006,111,7.6,90.0,107217,31.57
742,Who's Afraid of Virginia Woolf?,Drama,1966,131,8.0,75.0,76085,
743,Dangal,"Action, Biography, Drama",2016,161,8.3,,192159,
744,High and Low,"Crime, Drama, Mystery",1963,143,8.4,90.0,45643,
745,Strangers on a Train,"Crime, Drama, Film-Noir",1951,101,7.9,88.0,134900,7.63
746,The Treasure of the Sierra Madre,"Adventure, Drama, Western",1948,126,8.2,98.0,125830,
747,In Cold Blood,"Biography, Crime, Drama",1967,134,7.9,89.0,27006,
748,Notorious,"Drama, Film-Noir, Romance",1946,102,7.9,100.0,102044,10.46
749,Philomena,"Biography, Comedy, Drama",2013,98,7.6,77.0,100768,37.71
750,Mr. Smith Goes to Washington,"Comedy, Drama",1939,129,8.1,73.0,116455,
751,Bajrangi Bhaijaan,"Action, Adventure, Comedy",2015,163,8.1,,89157,8.18
752,Cat on a Hot Tin Roof,Drama,1958,108,7.9,84.0,50246,17.57
753,The Double Life of Véronique,"Drama, Fantasy, Music",1991,98,7.7,86.0,49445,2.0
754,Invasion of the Body Snatchers,"Drama, Horror, Sci-Fi",1956,80,7.7,92.0,50915,
755,Song of the Sea,"Animation, Adventure, Drama",2014,93,8.0,85.0,59090,0.86
756,The White Ribbon,"Drama, Mystery, Thriller",2009,144,7.8,82.0,74323,2.22
757,Andrei Rublev,"Biography, Drama, History",1966,205,8.1,,54203,0.1
758,A Woman Under the Influence,"Drama, Romance",1974,155,8.1,88.0,25792,13.34
759,Happy Together,"Drama, Romance",1997,96,7.7,70.0,30271,0.19
760,Fitzcarraldo,"Adventure, Drama",1982,158,8.0,,35650,
761,Z,"Crime, Drama, Thriller",1969,127,8.2,86.0,29260,0.08
762,Harvey,"Comedy, Drama, Fantasy",1950,104,7.9,,56072,
763,Control,"Biography, Drama, Music",2007,122,7.6,78.0,65984,0.87
764,Waking Life,"Animation, Drama, Fantasy",2001,99,7.7,83.0,64720,2.89
765,East of Eden,Drama,1955,118,7.8,72.0,46108,
766,Land of Mine,"Drama, History, War",2015,100,7.8,75.0,41973,0.44
767,Secrets & Lies,"Comedy, Drama",1996,136,8.0,91.0,43969,13.42
768,Zindagi Na Milegi Dobara,"Comedy, Drama, Musical",2011,155,8.2,,79342,3.11
769,The Conformist,Drama,1970,113,7.9,100.0,31094,0.54
770,To Have and Have Not,"Adventure, Comedy, Film-Noir",1944,100,7.8,90.0,35419,
771,Short Term 12,Drama,2013,96,7.9,82.0,88464,1.01
772,Elite Squad,"Action, Crime, Drama",2007,115,8.0,33.0,104957,0.01
773,Out of the Past,"Crime, Drama, Film-Noir",1947,97,8.0,85.0,38010,
774,The 39 Steps,"Crime, Mystery, Thriller",1935,86,7.6,93.0,57832,
775,All About My Mother,Drama,1999,101,7.8,87.0,97799,8.26
776,The Day of the Jackal,"Crime, Drama, Thriller",1973,143,7.8,80.0,41635,16.06
777,Porco Rosso,"Animation, Adventure, Comedy",1992,94,7.7,83.0,90921,
778,Arsenic and Old Lace,"Comedy, Crime, Thriller",1944,118,7.9,,71639,
779,The Vanishing,"Mystery, Thriller",1988,107,7.7,,39860,
780,Hannah and Her Sisters,"Comedy, Drama",1986,107,7.9,90.0,72289,40.08
781,The Kid,"Comedy, Drama, Family",1921,68,8.3,,127257,
782,Children of Heaven,"Drama, Family, Sport",1997,89,8.2,77.0,75456,
783,His Girl Friday,"Comedy, Drama, Romance",1940,92,7.8,,59481,0.3
784,"Aguirre, the Wrath of God","Action, Adventure, Biography",1972,95,7.8,,57932,
785,Evil,Drama,2003,113,7.7,61.0,39254,0.02
786,Once Were Warriors,"Crime, Drama",1994,102,7.9,77.0,34787,2.2
787,Bringing Up Baby,Comedy,1938,102,7.8,91.0,62249,
788,Persepolis,"Animation, Biography, Drama",2007,96,8.0,90.0,95639,4.45
789,The Tale of The Princess Kaguya,"Animation, Drama, Family",2013,137,8.0,89.0,47588,1.51
790,A Man for All Seasons,"Biography, Drama, History",1966,120,7.7,72.0,35033,28.35
791,Red River,"Drama, Western",1948,133,7.8,,31793,
792,Lilya 4-Ever,"Crime, Drama",2002,109,7.8,82.0,46265,0.18
793,The Odd Couple,Comedy,1968,105,7.6,86.0,35462,44.53
794,Farewell My Concubine,"Drama, Music, Romance",1993,171,8.1,83.0,29644,5.22
795,"I, Daniel Blake",Drama,2016,100,7.8,78.0,60784,0.26
796,My Sassy Girl,"Comedy, Drama, Romance",2001,137,8.0,,48617,
797,The Diving Bell and the Butterfly,"Biography, Drama",2007,112,8.0,92.0,108138,5.99
798,Sunrise,"Drama, Romance",1927,94,8.1,95.0,51497,0.54
799,Underground,"Comedy, Drama, Fantasy",1995,167,8.1,79.0,58878,0.17
800,The Battle of Algiers,"Drama, War",1966,121,8.1,96.0,60871,
801,A Prophet,"Crime, Drama",2009,155,7.8,90.0,99164,2.08
802,Winter Sleep,Drama,2014,196,8.1,88.0,52126,0.17
803,Mildred Pierce,"Crime, Drama, Film-Noir",1945,111,7.9,88.0,26401,
804,The Message,"Biography, Drama, History",1976,177,8.1,,48159,
805,The Chorus,"Comedy, Drama, Music",2004,97,7.8,56.0,63076,3.64
806,The Motorcycle Diaries,"Adventure, Biography, Drama",2004,126,7.8,75.0,101972,16.78
807,Shershaah,"Action, Biography, Drama",2021,135,8.4,,121856,
808,The Adventures of Robin Hood,"Action, Adventure, Romance",1938,102,7.9,97.0,51655,3.98
809,To Be or Not to Be,"Comedy, Romance, War",1942,99,8.2,86.0,38060,
810,Repulsion,"Drama, Horror, Thriller",1965,105,7.6,91.0,54000,
811,The Lady Vanishes,"Mystery, Thriller",1938,96,7.8,98.0,53381,
812,The Wages of Fear,"Adventure, Drama, Thriller",1953,131,8.2,85.0,61907,
813,Cape Fear,"Drama, Thriller",1962,106,7.7,76.0,29771,
814,3-Iron,"Crime, Drama, Romance",2004,88,7.9,72.0,55716,0.24
815,Le Samouraï,"Crime, Drama",1967,101,8.0,,52332,0.04
816,Shadow of a Doubt,"Film-Noir, Thriller",1943,108,7.8,94.0,66390,
817,Dersu Uzala,"Adventure, Biography, Drama",1975,142,8.2,,30356,
818,Head-On,"Drama, Romance",2004,121,7.9,78.0,54771,
819,"Quo Vadis, Aida?","Drama, History, War",2020,101,8.0,97.0,34024,
820,My Name Is Khan,"Adventure, Drama, Romance",2010,165,7.9,50.0,107981,4.02
821,Stalag 17,"Comedy, Drama, War",1953,120,8.0,84.0,56339,
822,Batman: Mask of the Phantasm,"Animation, Action, Adventure",1993,76,7.8,65.0,51982,5.62
823,When Marnie Was There,"Animation, Drama, Family",2014,103,7.7,72.0,41475,0.77
824,The General,"Action, Adventure, Comedy",1926,67,8.2,,92289,
825,Kal Ho Naa Ho,"Comedy, Drama, Musical",2003,186,7.9,54.0,70162,1.79
826,Beauty and the Beast,"Drama, Fantasy, Romance",1946,93,7.9,92.0,26810,0.3
827,The Sacrifice,Drama,1986,149,7.9,,28759,0.3
828,The Broken Circle Breakdown,"Drama, Music, Romance",2012,111,7.7,70.0,41526,0.18
829,The Passion of Joan of Arc,"Biography, Drama, History",1928,114,8.2,,55600,
830,Night on Earth,"Comedy, Drama",1991,129,7.7,68.0,61403,2.02
831,Scarface,"Action, Crime, Drama",1932,93,7.7,87.0,28461,
832,Hard Boiled,"Action, Crime, Thriller",1992,128,7.7,,51169,
833,The Invisible Man,"Horror, Sci-Fi",1933,71,7.6,87.0,36421,
834,You Can't Take It with You,"Comedy, Drama, Romance",1938,126,7.8,,26213,4.66
835,Leviathan,"Crime, Drama",2014,140,7.6,92.0,54086,1.09
836,Sardar Udham,"Biography, Crime, Drama",2021,164,8.4,,42715,
837,Ayla: The Daughter of War,"Biography, Drama, History",2017,125,8.3,,40328,
838,Ninja Scroll,"Animation, Action, Adventure",1993,94,7.8,,37995,
839,Shine,"Biography, Drama, Music",1996,105,7.6,87.0,54658,35.81
840,Sweet Smell of Success,"Drama, Film-Noir",1957,96,8.0,100.0,32842,
841,Laura,"Drama, Film-Noir, Mystery",1944,88,7.9,,48063,4.36
842,Pather Panchali,Drama,1955,125,8.3,,33587,
843,Dilwale Dulhania Le Jayenge,"Drama, Romance",1995,181,8.0,,70469,
844,Joint Security Area,"Action, Drama, Thriller",2000,110,7.8,58.0,31049,
845,Hedwig and the Angry Inch,"Comedy, Drama, Music",2001,95,7.7,85.0,36052,3.03
846,Sleuth,"Mystery, Thriller",1972,138,8.0,,48139,4.08
847,Nostalghia,Drama,1983,125,8.0,,27581,0.01
848,Lagaan: Once Upon a Time in India,"Drama, Musical, Sport",2001,224,8.1,84.0,115222,0.07
849,Swades,"Drama, Musical",2004,189,8.2,,91428,1.22
850,Cowboy Bebop: The Movie,"Animation, Action, Crime",2001,115,7.8,61.0,49473,1.0
851,Eyes Without a Face,"Drama, Horror",1960,90,7.6,90.0,32390,0.05
852,The Experiment,"Drama, Thriller",2001,120,7.7,60.0,94283,0.14
853,The Discreet Charm of the Bourgeoisie,Comedy,1972,102,7.8,93.0,43674,0.2
854,The Rules of the Game,"Comedy, Drama",1939,110,7.9,98.0,29482,
855,The Hidden Fortress,"Action, Adventure, Drama",1958,126,8.1,89.0,39604,
856,Vivre Sa Vie,Drama,1962,85,7.9,,32641,
857,Key Largo,"Action, Crime, Drama",1948,100,7.7,,41568,
858,Brief Encounter,"Drama, Romance",1945,86,8.0,92.0,40742,
859,Frost/Nixon,"Biography, Drama, History",2008,122,7.7,80.0,108899,18.59
860,The Asphalt Jungle,"Crime, Drama, Film-Noir",1950,112,7.8,85.0,27813,
861,The Sea Inside,"Biography, Drama",2004,126,8.0,74.0,82355,2.09
862,The Umbrellas of Cherbourg,"Drama, Musical, Romance",1964,91,7.8,86.0,28221,0.03
863,Cries & Whispers,Drama,1972,91,8.0,,34655,1.74
864,Nobody Knows,Drama,2004,141,8.0,88.0,28556,0.68
865,The Postman,"Biography, Comedy, Drama",1994,108,7.8,81.0,36970,21.85
866,Drishyam,"Crime, Drama, Thriller",2013,160,8.3,,41894,
867,Raise the Red Lantern,"Drama, Romance",1991,125,8.1,,33180,2.6
868,Taste of Cherry,Drama,1997,95,7.7,80.0,31828,0.31
869,Kagemusha,"Drama, History, War",1980,162,7.9,84.0,36088,
870,The Big Heat,"Crime, Film-Noir, Thriller",1953,89,7.9,,27161,
871,Wolf Children,"Animation, Drama, Family",2012,117,8.1,71.0,45499,
872,The Breadwinner,"Animation, Drama, Family",2017,94,7.7,78.0,26019,0.31
873,Confessions,"Drama, Thriller",2010,106,7.7,,39697,
874,Battleship Potemkin,"Drama, History, Thriller",1925,66,7.9,97.0,58405,0.05
875,Gully Boy,"Drama, Music, Romance",2019,154,7.9,65.0,40256,5.57
876,Wait Until Dark,Thriller,1967,108,7.7,81.0,31344,17.55
877,Super 30,"Biography, Drama",2019,154,7.9,,32985,2.27
878,Duck Soup,"Comedy, Musical",1933,69,7.8,93.0,60555,
879,I Remember,"Comedy, Drama",1973,123,7.9,,44142,0.58
880,"Spring, Summer, Fall, Winter... and Spring","Drama, Romance",2003,103,8.0,85.0,83644,2.38
881,Throne of Blood,"Drama, History",1957,110,8.1,,52759,
882,Down by Law,"Comedy, Crime, Drama",1986,107,7.7,75.0,52239,1.44
883,The Salesman,"Drama, Thriller",2016,124,7.7,85.0,61123,2.4
884,The Caine Mutiny,"Drama, War",1954,124,7.7,63.0,28142,21.75
885,My Father and My Son,"Drama, Family",2005,112,8.2,,87303,
886,A Wednesday,"Action, Crime, Drama",2008,104,8.1,,79191,
887,Adam's Apples,"Comedy, Crime, Drama",2005,94,7.7,51.0,51359,0.0
888,In America,Drama,2002,105,7.7,76.0,43410,15.54
889,The Killer,"Action, Crime, Drama",1989,111,7.8,82.0,48919,
890,The Gold Rush,"Adventure, Comedy, Drama",1925,95,8.2,,112223,
891,Ace in the Hole,"Drama, Film-Noir",1951,111,8.1,72.0,36538,3.97
892,The Lunchbox,"Drama, Romance",2013,104,7.8,76.0,56917,4.23
893,Autumn Sonata,"Drama, Music",1978,99,8.1,,34917,
894,Sullivan's Travels,"Adventure, Comedy, Drama",1941,90,7.9,,26790,
895,Veer Zaara,"Drama, Family, Musical",2004,192,7.8,67.0,53817,2.92
896,"Black Cat, White Cat","Comedy, Crime, Romance",1998,127,8.0,73.0,54374,0.35
897,"4 Months, 3 Weeks and 2 Days",Drama,2007,113,7.9,97.0,60844,1.19
898,"Goodbye, Children","Drama, War",1987,104,8.0,88.0,34338,4.54
899,The Exterminating Angel,"Drama, Fantasy",1962,95,8.0,,33644,
900,Nine Queens,"Crime, Drama, Thriller",2000,114,7.9,80.0,53611,1.22
901,Hiroshima Mon Amour,"Drama, Romance",1959,90,7.9,,32862,0.09
902,The Triplets of Belleville,"Animation, Adventure, Comedy",2003,80,7.7,91.0,54935,7.0
903,Diabolique,"Crime, Drama, Horror",1955,117,8.1,,66470,1.09
904,La strada,Drama,1954,108,8.0,,63743,
905,Time of the Gypsies,"Comedy, Crime, Drama",1988,142,8.1,,31132,0.28
906,The Virgin Spring,Drama,1960,89,8.1,,29736,1.53
907,Jules and Jim,"Drama, Romance",1962,105,7.7,97.0,42160,
908,In a Lonely Place,"Drama, Film-Noir, Mystery",1950,94,7.9,,32211,
909,Celda 211,"Action, Crime, Drama",2009,113,7.6,,68254,
910,M.S. Dhoni: The Untold Story,"Biography, Drama, Sport",2016,184,7.9,,59894,1.78
911,Sherlock Jr.,"Action, Comedy, Romance",1924,45,8.2,,50801,
912,Crimes and Misdemeanors,"Comedy, Drama",1989,104,7.8,77.0,58560,18.25
913,White Heat,"Action, Crime, Drama",1949,114,8.1,,33471,
914,Elevator to the Gallows,"Crime, Drama, Thriller",1958,91,7.9,94.0,26274,0.11
915,Article 15,"Crime, Drama, Mystery",2019,130,8.1,,34201,
916,Nights of Cabiria,Drama,1957,110,8.1,,49557,0.75
917,The Innocents,Horror,1961,100,7.8,88.0,31044,2.62
918,Departures,Drama,2008,130,8.0,68.0,52577,1.5
919,Once Upon a Time in Anatolia,"Crime, Drama, Thriller",2011,157,7.8,82.0,46911,0.14
920,Soorarai Pottru,Drama,2020,153,8.7,,117080,
921,The Way He Looks,"Drama, Romance",2014,96,7.9,71.0,25849,0.1
922,The Lost Weekend,"Drama, Film-Noir",1945,101,7.9,,37724,9.46
923,Inherit the Wind,"Biography, Drama, History",1960,128,8.1,75.0,30633,
924,Pink,"Crime, Drama, Thriller",2016,136,8.1,,45649,1.24
925,Vikram Vedha,"Action, Crime, Drama",2017,147,8.3,,45797,
926,Raatchasan,"Crime, Drama, Mystery",2018,170,8.3,,45215,
927,The Magdalene Sisters,Drama,2002,114,7.7,83.0,27490,4.89
928,After the Wedding,Drama,2006,120,7.7,78.0,35098,0.41
929,My Life as a Zucchini,"Animation, Comedy, Drama",2016,70,7.7,85.0,26028,0.29
930,Through a Glass Darkly,Drama,1961,90,8.0,84.0,25733,
931,The Girl Who Leapt Through Time,"Animation, Adventure, Comedy",2006,98,7.7,,67031,
932,Dreams,"Drama, Fantasy",1990,119,7.7,,26919,1.96
933,Le Cercle Rouge,"Crime, Drama, Thriller",1970,140,7.9,91.0,25918,0.37
934,"Like Father, Like Son",Drama,2013,121,7.8,73.0,25515,0.28
935,Munna Bhai M.B.B.S.,"Comedy, Drama",2003,156,8.1,,82857,
936,No Man's Land,"Comedy, Drama, War",2001,98,7.9,84.0,47452,1.06
937,Let's Go! India,"Drama, Family, Sport",2007,153,8.1,68.0,81032,1.11
938,Ivan's Childhood,"Drama, War",1962,95,8.0,,37160,
939,Dil Chahta Hai,"Comedy, Drama, Romance",2001,183,8.1,,72814,0.3
940,Badhaai Ho,"Comedy, Drama",2018,124,7.9,,35173,
941,Kahaani,"Mystery, Thriller",2012,122,8.1,,63358,1.04
942,Jean de Florette,"Comedy, Drama",1986,120,8.1,,26202,4.94
943,Millennium Actress,"Animation, Drama, Fantasy",2001,87,7.8,70.0,28667,0.19
944,Masaan,Drama,2015,109,8.1,,28510,
945,Chhichhore,"Comedy, Drama, Romance",2019,143,8.3,,55241,0.9
946,Tae Guk Gi: The Brotherhood of War,"Action, Drama, War",2004,140,8.0,64.0,40010,1.11
947,About Elly,"Drama, Mystery",2009,119,7.9,87.0,54003,0.11
948,The Grand Illusion,"Drama, War",1937,113,8.1,,37094,0.17
949,Kind Hearts and Coronets,"Comedy, Crime",1949,106,8.0,,37770,
950,English Vinglish,"Comedy, Drama, Family",2012,134,7.8,,36951,1.67
951,The Purple Rose of Cairo,"Comedy, Fantasy, Romance",1985,82,7.7,75.0,52224,10.63
952,Queen,"Adventure, Comedy, Drama",2013,146,8.1,,66255,1.43
953,Love and Death,"Comedy, War",1975,85,7.7,89.0,38999,
954,Central Station,Drama,1998,110,8.0,80.0,40104,5.6
955,Barfi!,"Comedy, Drama, Romance",2012,151,8.1,,82692,2.8
956,Knockin' on Heaven's Door,"Action, Crime, Comedy",1997,87,7.9,,31096,0.0
957,Fireworks,"Crime, Drama, Romance",1997,103,7.7,,31100,0.23
958,Rang De Basanti,"Comedy, Crime, Drama",2006,167,8.1,,119490,2.2
959,The Past,"Drama, Mystery",2013,130,7.7,85.0,49324,1.33
960,The Return,Drama,2003,110,7.9,82.0,45879,0.5
961,C.R.A.Z.Y.,"Comedy, Drama",2005,129,7.9,81.0,33137,
962,Sanjuro,"Action, Drama, Thriller",1962,96,8.0,,38687,
963,Elite Squad 2: The Enemy Within,"Action, Crime, Drama",2010,115,8.0,71.0,83667,0.1
964,Rififi,"Crime, Drama, Thriller",1955,118,8.1,97.0,34813,0.06
965,Sholay,"Action, Adventure, Comedy",1975,162,8.1,,56258,
966,Hindi Medium,"Comedy, Drama",2017,132,7.8,,29655,
967,Tangerines,"Drama, War",2013,87,8.1,73.0,46702,0.14
968,"Rome, Open City","Drama, Thriller, War",1945,103,8.0,,26985,
969,Haider,"Action, Crime, Drama",2014,160,8.0,,55401,0.9
970,Asuran,"Action, Drama",2019,141,8.4,,29973,
971,Dev.D,"Comedy, Drama, Romance",2009,144,7.9,,31003,0.01
972,Hera Pheri,"Action, Comedy, Crime",2000,156,8.1,,67729,
973,Vicky Donor,"Comedy, Romance",2012,126,7.8,,43785,0.17
974,Sarfarosh,"Action, Drama, Thriller",1999,174,8.1,,25972,
975,The Circus,"Comedy, Family, Romance",1928,72,8.1,90.0,34181,
976,Zelig,Comedy,1983,79,7.7,,42490,11.8
977,Umberto D.,Drama,1952,89,8.2,92.0,26242,0.07
978,The Edge of Heaven,Drama,2007,122,7.7,85.0,32443,0.74
979,96,"Drama, Romance",2018,158,8.5,,31756,
980,Talvar,"Crime, Drama, Mystery",2015,132,8.1,,35849,0.34
981,Pad Man,"Biography, Comedy, Drama",2018,140,7.9,,26638,1.66
982,The Bandit,"Crime, Drama, Thriller",1996,128,8.1,,70368,
983,Jab We Met,"Comedy, Drama, Romance",2007,138,7.9,,53905,0.41
984,A Night at the Opera,"Comedy, Music, Musical",1935,96,7.8,,33254,2.54
985,"Carry On, Munna Bhai","Comedy, Drama, Romance",2006,144,8.0,,47575,2.22
986,Bhaag Milkha Bhaag,"Biography, Drama, Sport",2013,186,8.2,,68760,1.63
987,G.O.R.A.,"Adventure, Comedy, Sci-Fi",2004,127,8.0,,63425,
988,OMG: Oh My God!,"Comedy, Drama, Fantasy",2012,125,8.1,,59569,0.92
989,Everything's Gonna Be Great,"Comedy, Drama, Thriller",1998,107,8.1,,25842,
990,Vizontele,"Comedy, Drama",2001,110,8.0,,37066,
991,The Breath,"Action, Drama, Thriller",2009,128,8.0,,34023,
992,Baby,"Action, Crime, Thriller",2015,159,7.9,,58205,
993,Black,Drama,2005,122,8.1,,35196,0.73
994,Anand,"Drama, Musical",1971,122,8.1,,34065,
995,Special 26,"Crime, Drama, Thriller",2013,144,8.0,,56757,1.08
996,Udaan,Drama,2010,134,8.1,,45400,0.01
997,Airlift,"Action, Drama, History",2016,130,7.9,,57373,
998,Andaz Apna Apna,"Action, Comedy, Romance",1994,160,8.0,,53703,
999,Paan Singh Tomar,"Action, Biography, Crime",2012,135,8.2,,36628,0.04
